View,Category,Randomize,Score,Type,Question,Correct,Answers,Note,Correct_1,Score_1,Case Insensitive,Correlation
Radio,CM,0,1,SingleQuestion,Which of the following best describes analog estimating?,,,[Qno: PML_116] >> ,,,,
,,,,,,1,Less accurate,,,,,
,,,,,,,Regression analysis,,,,,
,,,,,,,More accurate,,,,,
,,,,,,,Bottom-up estimating,,,,,
Radio,CM,0,1,SingleQuestion,EVM is part of,,,"[Qno: PML_118] >> PV is planning phase, AC is execution phase, EV, ETC, EAC is monitoring and controlling phase",,,,
,,,,,,,Executing processes,,,,,
,,,,,,,Closing processes,,,,,
,,,,,,,Controlling processes,,,,,
,,,,,,1,Entire project,,,,,
Radio,CM,0,1,SingleQuestion,All of the following are outputs of Determine Budget except:,,,"[Qno: PML_123] >> Output of determine budget process Cost Performance Baseline, Project Funding Requirements, Project Documents Update",,,,
,,,,,,,Project document updates.,,,,,
,,,,,,,Cost performance baseline.,,,,,
,,,,,,,Project funding requirements.,,,,,
,,,,,,1,Organizational process updates.,,,,,
Radio,CM,0,1,SingleQuestion,Which describes how cost variances will be managed?,,,[Qno: PML_837] >> Cost management plan describes how cost variances will be managed.,,,,
,,,,,,,Cost baseline,,,,,
,,,,,,1,Cost management plan,,,,,
,,,,,,,Cost estimate,,,,,
,,,,,,,Chart of accounts,,,,,
Radio,CM,0,1,SingleQuestion,Which is controlling changes to the budget.,,,[Qno: PML_847] >> Costs variations are monitored and controlled in Control Costs Process.,,,,
,,,,,,1,Control Costs,,,,,
,,,,,,,Estimate Costs,,,,,
,,,,,,,Determine Budget,,,,,
,,,,,,,None,,,,,
Radio,CM,0,1,SingleQuestion,How many and of what quality resources are required to perform project activities. This is called,,,"[Qno: PML_863] >> Resource planning :Planning, identifying, documenting, and assigning project roles, responsibilities, and reporting relationships to individuals or groups.",,,,
,,,,,,,Estimating Cost,,,,,
,,,,,,,Determining Budget,,,,,
,,,,,,1,Resource planning,,,,,
,,,,,,,Controlling Cost,,,,,
Radio,CM,0,1,SingleQuestion,Which Estimate Costs technique used most frequently in the early stages of a project.,,,"[Qno: PML_864] >> Analogous estimating is also called top-down estimating and uses the actual cost of a previous, similar project as the basis for estimating the cost of the project in hand",,,,
,,,,,,,Life-cycle costing,,,,,
,,,,,,1,Analogous estimating,,,,,
,,,,,,,Parametric modeling,,,,,
,,,,,,,Bottom up estimating,,,,,
Radio,CM,0,1,SingleQuestion,"What is the standard deviation for the estimates. Optimistic= $50, Pessimistic=$70, Most Likely= $55",,,[Qno: PML_898] >> Standard Deviation= (Pessimistic - Optimistic)/6 = (70-50)/6,,,,
,,,,,,1,3.33,,,,,
,,,,,,,56.66,,,,,
,,,,,,,0.83,,,,,
,,,,,,,0.5,,,,,
Radio,CM,0,1,SingleQuestion,While estimating Activity Duration what do you not want to look into,,,[Qno: PML_904] >> Activity cost estimates are input for determine budget.,,,,
,,,,,,,Activity Attributes,,,,,
,,,,,,,Activity Resource Requirements,,,,,
,,,,,,,Resource Calendars,,,,,
,,,,,,1,Activity Cost Estimates,,,,,
Radio,CM,0,1,SingleQuestion,Cost Performance Index (CPI) is ,,,[Qno: PML_1058] >> ,,,,
,,,,,,,Earned Value(EV) / Budgeted Cost(BC),,,,,
,,,,,,,Cost Variance(CV) / Actual Cost(AC),,,,,
,,,,,,1,Earned Value(EV) / Actual Cost(AC),,,,,
,,,,,,,Planned Value(PV) / Budgeted Cost(BC),,,,,
Radio,CM,0,1,SingleQuestion,+ / - 50 % range of estimate is called,,,[Qno: PML_1496] >> Rough order of magnitude (ROM):  +/- 50%<BR>A Budget estimate: -10% to plus 25%: <BR>Definitive estimates: +/- 10%<BR>,,,,
,,,,,,1, Rough order of magnitude estimate ,,,,,
,,,,,,, Budget estimate,,,,,
,,,,,,, Definitive estimate,,,,,
,,,,,,, Predictive uncertainty estimate,,,,,
Radio,CM,0,1,SingleQuestion,What is the BEST way to make an accurate forecasting of ETC? ,,,[Qno: PML_1749] >> ,,,,
,,,,,,,BAC - EV,,,,,
,,,,,,1,Manual Forecasting of cost of remaining work based on work performance information,,,,,
,,,,,,,(BAC - EV)/CPI,,,,,
,,,,,,,EAC - AC,,,,,
Radio,CM,0,1,SingleQuestion,How to calculate Delphi Estimate using the Best and Worst Case,,,[Qno: PML_1876] >> ,,,,
,,,,,,1,(Best + Worst) / 2,,,,,
,,,,,,,(Best + Worst) / 6,,,,,
,,,,,,,(Worst-Best) / 2,,,,,
,,,,,,,none of the above,,,,,
Radio,CM,0,1,SingleQuestion,Your sponsor has asked you to use payback period as a selection criterion to select amongst 3 competing projects. All of the following statements related to payback period are correct EXCEPT:,,,[Qno: PML_2109] >> ,,,,
,,,,,,,Number of years required to get back the initial investment in the project.,,,,,
,,,,,,,It s a project selection criterion,,,,,
,,,,,,,The initial investment in the project will not impact the selection criteria when payback period is used for project selection.,,,,,
,,,,,,1,It takes the discount rate into account to determine the best possible option.,,,,,
Radio,CM,0,1,SingleQuestion,You are a project manager of a automotive company. You want to manage the variance of cost between what was planned and what actually occurred. Which of the following methodology you should use?,,,[Qno: PML_2255] >> ,,,,
,,,,,,,Earned Value (EV),,,,,
,,,,,,,Planned Value,,,,,
,,,,,,,Accounting,,,,,
,,,,,,1,Earned Value Management (EVM),,,,,
Radio,CM,0,1,SingleQuestion,Which estimating technique is most accurate?,,,[Qno: PML_2258] >> ,,,,
,,,,,,,Analogous estimating,,,,,
,,,,,,,Parametric modeling,,,,,
,,,,,,1,Bottom-up estimating,,,,,
,,,,,,,None of the above,,,,,
Radio,CM,0,1,SingleQuestion,"What is the present value if the organization expects to make $5,000 four years from now and the annual interest rate is 5 percent?",,,[Qno: PML_2263] >> 4113.51237395941,,,,
,,,,,,1,"$ 4,114",,,,,
,,,,,,,"$ 5,000",,,,,
,,,,,,,"$ 2,500",,,,,
,,,,,,,"$ 4,500",,,,,
Radio,CM,0,1,SingleQuestion,"Your project will cost $90,000 to your company in coming 10 months. But after its completion organization will get benefit of $6,000 per month. What is the back  period of the project?",,,"[Qno: PML_2264] >> 90,000/ 6,000 = 15 months. Payback period will start after project finishes.",,,,
,,,,,,,10 Months,,,,,
,,,,,,,1 Year,,,,,
,,,,,,1,15 Months,,,,,
,,,,,,,3 Years,,,,,
Radio,CM,0,1,SingleQuestion,Which one of the following best describes the analogous estimating?,,,[Qno: PML_2272] >> ,,,,
,,,,,,,Reserve analysis,,,,,
,,,,,,,Bottom up estimating,,,,,
,,,,,,,Three-points estimates,,,,,
,,,,,,1,Least accurate,,,,,
Radio,CM,0,1,SingleQuestion,"The 1 years project has 100 work packages and a budget of $10,000. After six month, 50 work packages are completed and $5,000 has been spent. Which of the following is TRUE?",,,[Qno: PML_2294] >> You do not what was planned to be completed by 6 month.,,,,
,,,,,,1,Not enough information available.,,,,,
,,,,,,,The project need 50 work package to be completed in 6 months.,,,,,
,,,,,,,The project need 50 work package to be completed in 3 months.,,,,,
,,,,,,,The project is on schedule and on budget.,,,,,
Radio,CM,0,1,SingleQuestion,Analogous Estimate of Cost / Time is _________.,,,[Qno: PML_2483] >>  Analogous Estimate Costs is Generally less accurate . Analogous Estimate Costs Uses Expert judgement . It is used when reference projects are similar . It is useful in early phases of the project.,,,,
,,,,,,,Generally Accurate,,,,,
,,,,,,1,Generally less accurate,,,,,
,,,,,,,Bottom-up estimating,,,,,
,,,,,,,Top-up estimating,,,,,
Radio,CM,0,1,SingleQuestion,"If the cost variances to date are believed to be temporary, the estimate at completion (EAC) should be calculated as",,,"[Qno: PML_2751] >> The formula EAC = AC + (BAC - EV) ""when cost variance occurred in project due to temporary reasons. It is called EAC Atypical"". In this case remaining budget is BAC-EV.",,,,
,,,,,,,Actuals To Date + New estimate for remaining work,,,,,
,,,,,,,Actuals To Date + Remaining Budget/CPI,,,,,
,,,,,,,Actuals To Date + Actual Cost/CPI,,,,,
,,,,,,1,Actuals To Date + Remaining Budget,,,,,
Radio,COM,0,1,SingleQuestion,Which of the following is an input to Distribute Information?,,,[Qno: PML_114] >> In communication management knowledge area Project Charter is input & Stakeholder register is output of identify stakeholders. Change request is input only to one process in PMBoK.,,,,
,,,,,,1,Project management plan,,,,,
,,,,,,,Stakeholder register,,,,,
,,,,,,,Project charter,,,,,
,,,,,,,Change requests,,,,,
Radio,COM,0,1,SingleQuestion,Effective stakeholder management includes all of the following project elements except:,,,"[Qno: PML_120] >> As project manager you need to know how frequent the information need to be made available. Saying frequent is not sufficient, neither it guarantees the effective stakeholder management.",,,,
,,,,,,,Scope change control.,,,,,
,,,,,,,Timely status information.,,,,,
,,,,,,1,Frequent cost reports.,,,,,
,,,,,,,Clear requirements definition.,,,,,
Radio,COM,0,1,SingleQuestion,"Of the following management skills, which will a project manager use most?",,,[Qno: PML_125] >> An effective project manager&rsquo;s 90 % time goes in communication activities,,,,
,,,,,,,Leading,,,,,
,,,,,,,Negotiations.,,,,,
,,,,,,,Influencing the organization.,,,,,
,,,,,,1,Communication.,,,,,
Radio,COM,0,1,SingleQuestion,How does a project management team stay in touch with the work and the attitudes of project team members,,,"[Qno: PML_531] >> PMBOK(r) Guide 4th Edition, page 238.",,,,
,,,,,,1,By observation and communication,,,,,
,,,,,,,By continuous training & motivation,,,,,
,,,,,,,By hiring soft skill expert in project team,,,,,
,,,,,,,Use functional manager to communicate with team members,,,,,
Radio,COM,0,1,SingleQuestion,You have been assigned a project manager for an information security project. This project will help the organization is big way but since the beginning your are facing huge resistance from the people because their way of working will change once this project is complete. What shall you do?,,,"[Qno: PML_543] >> PMBOK(r) Guide 4th Edition, pages 215 and 233 (9.2.3.4).",,,,
,,,,,,,Develop a Responsibility assignment matrix (RAM) based on RACI and inform people about this.,,,,,
,,,,,,,Develop an organization diagram which does not allow and encourage any unofficial discussion which can be fatal for project.,,,,,
,,,,,,,"Do not talk to these stakeholders too much at this time, instead create Faits accomplis, which will later force the stakeholders to support the project due to a lack of alternatives for them.",,,,,
,,,,,,1,"Schedule a meeting with these stakeholders to present the project, discuss and establish ground rules, ensure their involvement and identify initial personal and organizational issues.",,,,,
Radio,COM,0,1,SingleQuestion,Which is not included in Performance improvements :,,,[Qno: PML_836] >> Overtime worked is not the performance improvement in project,,,,
,,,,,,,Improvements in individual skills,,,,,
,,,,,,,Improvements in team behaviors,,,,,
,,,,,,1,Improvements in amount of overtime worked,,,,,
,,,,,,,Improvements in team capabilities,,,,,
Radio,COM,0,1,SingleQuestion,"Ideally, communication among team members should take place",,,[Qno: PML_1085] >> ,,,,
,,,,,,,Via daily status reports,,,,,
,,,,,,,Through approved documented forms,,,,,
,,,,,,,Through the formal chain of command ,,,,,
,,,,,,1,By written and oral communication,,,,,
Radio,COM,0,1,SingleQuestion,"You are working as project manager on a IT project. Late in the project, client demands a big change. You did the assessment of the impact of the change and informs the client that how much time and money it will cost. But the client says that he doesn&rsquo;t have the time or budget to allow the change. What is the BEST way for you to handle this situation?",,,[Qno: PML_1243] >> ,,,,
,,,,,,,Plan a senior managers&rsquo; meet with the client to explain the situation,,,,,
,,,,,,1,Hold a meeting with the client to figure out why he is asking for the change,,,,,
,,,,,,,"Stop the work, right there because working after this will be waste of time and money (customer may not accept it)",,,,,
,,,,,,,Have the client find more money for the budget,,,,,
Radio,COM,0,1,SingleQuestion,"You are working on a project with 7 engineers, 1 architect. While you are in execution phase 2 more joins your team for quality control activities. How many new communication channel opens.",,,"[Qno: PML_1264] >>  The formula for lines of communication is n x (n-1) / 2. In beginning team size is 9 people it has increased to 11 people. Therefore in beginning there are 36 communication channels, after new member join there are 55 communication channel. Thus 55-36 = 19 new communication channels opens",,,,
,,,,,,1,19,,,,,
,,,,,,,12,,,,,
,,,,,,,17,,,,,
,,,,,,,45,,,,,
Radio,COM,0,1,SingleQuestion,A variance analysis is used for:,,,"[Qno: PML_1459] >> PMBOK(r) Guide 4th Edition, p. 268",,,,
,,,,,,, Determining future performance,,,,,
,,,,,,, Status reporting,,,,,
,,,,,,1, Comparing baselines to actuals,,,,,
,,,,,,, Statistical modeling ,,,,,
Radio,COM,0,1,SingleQuestion,The fundamental difference between Effective communication and Efficient communication means that:,,,"[Qno: PML_1534] >> Effective communication means that the information is provided in the right format, at right time, and with the right impact. Efficient communication means providing only the information that is needed. On most project communication planning is done in early phases of the project therefore to check the efficiency of communication plan one should review it from time to time. PMBOK(r) Guide 4th Edition, p. 252",,,,
,,,,,,,Effective communications ensure the guaranteed delivery of the communication and Efficient communications provide information to only the stakeholders who need it,,,,,
,,,,,,,Effective communications focus on the fastest communication channel  and Efficient communications focus on the most appropriate communication channel,,,,,
,,,,,,1,Effective communications ensure the timeliness and the format of the communications and Efficient communications provide only the information that is needed,,,,,
,,,,,,,Effective communications are required and Efficient communications are optional,,,,,
Radio,COM,0,1,SingleQuestion,The major purpose of project status reports is to:,,,[Qno: PML_1897] >> Project status reports are prepared in Report Performance Process and the purpose of this is to organize and summarize the information.,,,,
,,,,,,,Inform upper management of the project problems,,,,,
,,,,,,1,Organize and summarize the information so that all stakeholders were informed,,,,,
,,,,,,,Inform the client about the changes that have completed,,,,,
,,,,,,,Provide information to management and client,,,,,
Radio,COM,0,1,SingleQuestion,"You are managing a project in a foreign country, where you have to pay a fee to a government agencies to get your work done. In this case you should.",,,"[Qno: PML_2056] >> PM has the responsibility to refrain from offering or accepting inappropriate payments, gifts, or other forms of compensation for personal gain. But if it is conforming to the culture and law of that country then do the needful but you inform to your manager & sponsor",,,,
,,,,,,,"Refuse to pay the fee, because they are bribes and hence unethical ",,,,,
,,,,,,,"Make a case why fees should be paid to government agencies, and present it to your management ",,,,,
,,,,,,1,Pay the fee to the government agencies,,,,,
,,,,,,,Offer gifts to the government officials instead of fee to get their support ,,,,,
Radio,COM,0,1,SingleQuestion,"On your project you are constantly involved in managing stakeholders` expectations to satisfy their needs and resolve issues. In this context, all the following are relevant outputs EXCEPT:",,,[Qno: PML_2118] >> Communication requirement analysis is tool and technique of plan communication,,,,
,,,,,,1, Communications requirements analysis,,,,,
,,,,,,, Organization process assets updates,,,,,
,,,,,,, Change requests,,,,,
,,,,,,, Project management plan updates,,,,,
Radio,COM,0,1,SingleQuestion,A process in which you identify all people or organizations impacted by the project is,,,[Qno: PML_2252] >> ,,,,
,,,,,,,Identify Project Team,,,,,
,,,,,,,Manage stakeholder expectations,,,,,
,,,,,,1,Identify Stakeholders,,,,,
,,,,,,,Reports performance,,,,,
Radio,COM,0,1,SingleQuestion,"This week you have been assigned trouble project, where schedule is 50% behind the plan and project manager has left the organization. After evaluation, you discovered that the project is running far behind schedule the schedule then reported by previous project manager. However, the sponsor has been told that the project is on schedule. What is the BEST course of action you will take?",,,[Qno: PML_2291] >> ,,,,
,,,,,,,Add new resource to the project and complete the project on schedule.,,,,,
,,,,,,1,Show your finding and evaluation to sponsor.,,,,,
,,,,,,,Ask your senior manager to deal with this.,,,,,
,,,,,,,Turn the project back to the previous project manager.,,,,,
Radio,COM,0,1,SingleQuestion,You have been assigned as the project manager in the middle of the project but the customer is not happy with the performance of the project. What is the FIRST thing you should do?,,,[Qno: PML_2300] >> ,,,,
,,,,,,,Under the performance criteria from the project plan and achieve those,,,,,
,,,,,,1,Talk to customer and understand his concerns.,,,,,
,,,,,,,"Ignore the customer, it is bound to happen sometimes in project lifecycle.",,,,,
,,,,,,,Leave the project and ask your manager to assign another project.,,,,,
Radio,COM,0,1,SingleQuestion,"In which process are you applying following Tools & Techniques: Communication requirements analysis, Communication technology, Communication models, Communication methods.",,,[Qno: PML_2580] >> ,,,,
,,,,,,1,Plan Communications,,,,,
,,,,,,,Distribute Information,,,,,
,,,,,,,Manage Stakeholder Expectations,,,,,
,,,,,,,Report Perform,,,,,
Radio,COM,0,1,SingleQuestion,"Your inputs are Project management plan, Performance reports, and Organizational process assets. Which process are you performing?",,,[Qno: PML_2583] >> ,,,,
,,,,,,,Identify Stakeholder,,,,,
,,,,,,,Plan Communications,,,,,
,,,,,,,Distribute Information,,,,,
,,,,,,1,Manage Stakeholder Expectations,,,,,
Radio,COM,0,1,SingleQuestion,Which are the Tools & Techniques of Report Performance?,,,[Qno: PML_2584] >> ,,,,
,,,,,,,"Variance analysis, Communication models, Communication methods, Reporting system.",,,,,
,,,,,,,"Variance analysis, Forecasting methods, Communication technology, Reporting system.",,,,,
,,,,,,1,"Variance analysis, Forecasting methods, Communication methods, Reporting system.",,,,,
,,,,,,,"Variance analysis, Interpersonal skills, Forecasting methods, Reporting system.",,,,,
Radio,COM,0,1,SingleQuestion,"In what process you need Project Charter, Procurements documents, Enterprise environmental factors, Organizational process assets as input,  one of your Tools & Techniques is Expert judgement. ",,,[Qno: PML_2585] >> ,,,,
,,,,,,1,Identify Stakeholders,,,,,
,,,,,,,Plan Communications,,,,,
,,,,,,,Distribute Information,,,,,
,,,,,,,Manage Stakeholder Expectations,,,,,
Radio,COM,0,1,SingleQuestion,"In Project Communications Management, one process has only one output named as Organizational process assets updates. What is the name of that process?",,,[Qno: PML_2586] >> ,,,,
,,,,,,,Plan Communications,,,,,
,,,,,,1,Distribute Information,,,,,
,,,,,,,Manage Stakeholder Expectations,,,,,
,,,,,,,Report Performance,,,,,
Radio,COM,0,1,SingleQuestion,"Processes required to ensure timely and appropriate generation, collection, dissemination, storage and ultimate disposition of project information are part of",,,[Qno: PML_2718] >> ,,,,
,,,,,,,Manage Stakeholder Expectations,,,,,
,,,,,,1,Project communication management,,,,,
,,,,,,,Project quality control,,,,,
,,,,,,,Project quality assurance,,,,,
Radio,COM,0,1,SingleQuestion,A meeting held to assess project status or progress is called,,,[Qno: PML_2724] >> ,,,,
,,,,,,,Audit reviews,,,,,
,,,,,,1,Performance reviews,,,,,
,,,,,,,Management reviews,,,,,
,,,,,,,Progress informational update meetings,,,,,
Radio,COM,0,1,SingleQuestion,Except ----- all other are tools and techniques for report performance process,,,[Qno: PML_2727] >> ,,,,
,,,,,,,Variance analysis,,,,,
,,,,,,,Forecasting methods,,,,,
,,,,,,,Communication methods,,,,,
,,,,,,1,Interpersonal skills,,,,,
Radio,FW,0,1,SingleQuestion,"""Temporary"" in relation with project management means:",,,[Qno: PML_127] >> ,,,,
,,,,,,,The product or service created by the project is temporary utilized.,,,,,
,,,,,,,A short duration.,,,,,
,,,,,,1,A definite beginning and end.,,,,,
,,,,,,,Temporary staff assignments.,,,,,
Radio,FW,0,1,SingleQuestion,"Four constraints of a project are time, cost, scope and risk. What is the fifth constraint?",,,[Qno: PML_519] >> Resource is related to skill required to complete the work.,,,,
,,,,,,,Money,,,,,
,,,,,,1,Resource,,,,,
,,,,,,,Infrastructure,,,,,
,,,,,,,Capability,,,,,
Radio,FW,0,1,SingleQuestion,In a recent meeting of project managers your CEO who is PMP emphasized that A facilitator should----,,,[Qno: PML_534] >> ,,,,
,,,,,,,be in full control of the discussion and its outcomes.,,,,,
,,,,,,,always take notes by herself.,,,,,
,,,,,,,avoid a flip chart Parking lot.,,,,,
,,,,,,1,give guidance as required without interfering.,,,,,
Radio,FW,0,1,SingleQuestion,"In project initiating process group, which statement describes best handling of the assumptions",,,"[Qno: PML_538] >> PMBOK(r) Guide 4th Edition, pages 77 and 78 (outputs of process Develop project charter).",,,,
,,,,,,,"It is the responsibility of the presales person, so don&rsquo;t bother about it",,,,,
,,,,,,,Managing and organizing assumptions means avoiding risks right from the start of the project.,,,,,
,,,,,,1,"Organizational, environmental and external assumptions should be addressed in the project charter.",,,,,
,,,,,,,Assumptions are sign for risk which will come when project will be executed. So you can wait till risk planning phase start.,,,,,
Radio,FW,0,1,SingleQuestion,Constraints do not include,,,"[Qno: PML_859] >> Impacts of local strike is outcome of Constraint ""Political Condition""",,,,
,,,,,,1,Impacts of local strike,,,,,
,,,,,,,Collective bargaining,,,,,
,,,,,,,Organizational structure of the performing organization,,,,,
,,,,,,,Expected staff assignments,,,,,
Radio,FW,0,1,SingleQuestion,Which of the following is NOT true,,,[Qno: PML_1071] >> ,,,,
,,,,,,,Project phases are marked by completion of one or more deliverables,,,,,
,,,,,,,The project life cycle serves to define the beginning and end of a project,,,,,
,,,,,,,The project life cycle definition determines whether the feasibility study is treated as the first phase of the project or as a separate stand-alone project,,,,,
,,,,,,1,Project phases in a project are always sequential,,,,,
Radio,FW,0,1,SingleQuestion,Which of the following are NOT all examples of project documents?,,,[Qno: PML_1261] >> Everything except Scope Baseline is project document. Scope baseline is part of Project Management Plan <BR>PMBOK(r) Guide p 350,,,,
,,,,,,,"Activity List, Stakeholder Register, Forecasts",,,,,
,,,,,,,"Teaming Agreements, Risk Register, Quality Metrics",,,,,
,,,,,,,"SOW, Basis of Estimates, Resource Requirements",,,,,
,,,,,,1,"Scope Baseline, Project Funding Requirements, Stakeholder Requirements",,,,,
Radio,FW,0,1,SingleQuestion,You are managing a large project divided into many subprojects. What should you do at the start of each subproject?,,,[Qno: PML_1331] >> When project is divided into multiple subprojects. You must conduct project initiation meeting at the start of subproject and identify stakeholders the new subproject.,,,,
,,,,,,,"Make sure you don&rsquo;t involve the team, to avoid the confusion of too many initiation meeting.",,,,,
,,,,,,1,Identify the stakeholders,,,,,
,,,,,,,Use the Earned Value Technique to identify the earned value of next phase,,,,,
,,,,,,,Release all resources from the project and contact sellers that it will take some time to start the next phase.,,,,,
Radio,FW,0,1,SingleQuestion,All the following happen in the Initiating process with the exception of:,,,"[Qno: PML_1472] >> Choosing the project team is a Planning group activity. PMBOK(r) Guide 4th Edition, p. 53",,,,
,,,,,,, Determine stakeholders ,,,,,
,,,,,,, Identify processes and standards,,,,,
,,,,,,1, Choose the project team,,,,,
,,,,,,, Create the project charter,,,,,
Radio,FW,0,1,SingleQuestion,Projects are undertaken at all levels of the organization?,,,[Qno: PML_1879] >> ,,,,
,,,,,,1,True,,,,,
,,,,,,,False,,,,,
,,,,,,,Both True and False,,,,,
,,,,,,,Neither true nor false,,,,,
Radio,FW,0,1,SingleQuestion,You have been managing a project to construct a flyover in Delhi. You have divided the project into phases to provide better management control. Which of the following is a characteristic of a project phase?,,,[Qno: PML_2050] >> ,,,,
,,,,,,, Formal phase completion necessarily includes authorization for the subsequent phase.,,,,,
,,,,,,," A project phase should not be divided into sub-phases even in complex projects, because it will be difficult to manage.",,,,,
,,,,,,, All deliverables in the project phase should correspond to the project management process.,,,,,
,,,,,,1, A project phase can be closed with a decision not to initiate the subsequent phase.,,,,,
Radio,FW,0,1,SingleQuestion,Which of the following is not a Project Management Knowledge Area?,,,[Qno: PML_2072] >> ,,,,
,,,,,,1, Project Configuration Management,,,,,
,,,,,,, Project Integration Management,,,,,
,,,,,,, Project Procurement Management,,,,,
,,,,,,, Project Communications Management,,,,,
Radio,FW,0,1,SingleQuestion,You are responsible for managing a project in your company but you have least authority and have to constantly report to a marketing general manager. What is your company&rsquo;s org structure?,,,[Qno: PML_2083] >> ,,,,
,,,,,,, Matrix,,,,,
,,,,,,, Projectized,,,,,
,,,,,,, Balanced,,,,,
,,,,,,1, Functional,,,,,
Radio,FW,0,1,SingleQuestion,"You are a project manager in real estate company, which has a projectized organizational structure. In this context, all of the following are true, EXCEPT:",,,[Qno: PML_2093] >> ,,,,
,,,,,,1,After a project is completed team members have to go on bench.,,,,,
,,,,,,,Team members are often co-located.,,,,,
,,,,,,,You have a great deal of authority and independence.,,,,,
,,,,,,,Organizational supporting units also reports to you,,,,,
Radio,FW,0,1,SingleQuestion,Which of the following project management process group gets MOST of a project&rsquo;s budget expended?,,,[Qno: PML_2292] >> Expenditure depends upon number of activities. Number of activities are highest in Execution process group followed by Planning process group,,,,
,,,,,,1,Project Executing,,,,,
,,,,,,,Project Planning,,,,,
,,,,,,,Project Closing,,,,,
,,,,,,,Project Monitoring,,,,,
Radio,FW,0,1,SingleQuestion,In an interview you asked PMP certified project manager that what is the most important characteristics of project manager. He replied that he should be,,,"[Qno: PML_2486] >> In the project management context, integration includes characteristics of unification, consolidation, articulation, and integrative actions that are crucial to project completion, successfully managing stakeholder expectations, and meeting requirements. Reference: PMBOK(r) Guide Fourth Edition, Page 71 The most important characteristic of a project manager is being an integrator who can manage all the different interfaces of the project. The project manager should also be a good communicator, because a project manager usually spends more than 90% of her time communicating with different project stakeholders.",,,,
,,,,,,,Integrator,,,,,
,,,,,,1,Subject matter expert,,,,,
,,,,,,,Champion on the project,,,,,
,,,,,,,Risk minimizer,,,,,
Radio,FW,0,1,SingleQuestion,What are the characteristics of a functional structured organization,,,[Qno: PML_2710] >> ,,,,
,,,,,,1,Difficult to prioritize multiple projects,,,,,
,,,,,,,Broad span of control,,,,,
,,,,,,,Project manager has the most formal authority,,,,,
,,,,,,,All of the above,,,,,
Radio,FW,0,1,SingleQuestion,The project expediter,,,[Qno: PML_2711] >> ,,,,
,,,,,,,Can assign work to individuals in the functional organization,,,,,
,,,,,,,Is communication channel between upper management and the team,,,,,
,,,,,,1,Acts mainly as a facilitator,,,,,
,,,,,,,All the above,,,,,
Radio,FW,0,1,SingleQuestion,Which organization structure in used in large organizations,,,[Qno: PML_2713] >> ,,,,
,,,,,,,Functional,,,,,
,,,,,,,Strong matrix,,,,,
,,,,,,,Projectized,,,,,
,,,,,,1,Combination of the above,,,,,
Radio,FW,0,1,SingleQuestion,"Assuming that the phases in a project are risk assessment, concept, development, implementation and Closure, which phase typically has the highest degree of uncertainty?",,,[Qno: PML_2746] >> Earlier phases in a project always has the greatest degree of uncertainty because at this point in time the product is not defined well.,,,,
,,,,,,1,Concept,,,,,
,,,,,,,Development,,,,,
,,,,,,,Implementation,,,,,
,,,,,,,Closure,,,,,
Radio,FW,0,1,SingleQuestion,There are certain transitional actions at the end of a project which links the project to the ongoing operations of the performing organization. The actions are defined in,,,[Qno: PML_2750] >> ,,,,
,,,,,,1,the project life cycle definition.,,,,,
,,,,,,,the project management methodology.,,,,,
,,,,,,,the closing phase templates.,,,,,
,,,,,,,the organizational business plan.,,,,,
Radio,FW,0,1,SingleQuestion,Risks that occur near the end of project execution are characterized as being,,,[Qno: PML_2755] >> ,,,,
,,,,,,1,less in numbers but higher in impact than at any other time in the project life-cycle.,,,,,
,,,,,,,more in numbers and higher in impact than at any other time in the project life-cycle.,,,,,
,,,,,,,more in numbers and lower in impact than at any other time in the project life-cycle.,,,,,
,,,,,,,less in numbers and lower in impact than at any other time in the project life-cycle.,,,,,
Radio,HM,0,1,SingleQuestion,Today is your second day on the project as project manager and you found that there is strong disagreement between functional consultant and technical consultant on a certain topic. What do you think about conflicts?,,,"[Qno: PML_517] >> PMBOK(r) Guide 4th Edition, page 239, 2nd paragraph.",,,,
,,,,,,,Conflicts distract the team and disrupt the work rhythm. You should always smooth them when they surface.,,,,,
,,,,,,,You should use your coercive power to quickly resolve conflicts and then focus on goal achievement.,,,,,
,,,,,,,Conflict is bad and you should ask parties that they should withdraw it as soon as possible.,,,,,
,,,,,,1,"Conflict is good, it gives opportunities to understand each other&rsquo;s point of view. Conflict should be addressed early and usually in private, using a direct, confrontation approach.",,,,,
Radio,HM,0,1,SingleQuestion,What should managers consider before conducting a performance-evaluation interview with a project team member? ,,,"[Qno: PML_537] >> PMBOK(r) Guide 4th Edition, page 417; Diane Arthur, Successful Interviewing, page 154, ",,,,
,,,,,,,How to avoid those points which are related to team member&rsquo;s low performance. Because it will lead to conflict,,,,,
,,,,,,1,Has the employee been provided with sufficient instructions and work tools?,,,,,
,,,,,,,How can discussion of the manager&rsquo;s leadership style be avoided?,,,,,
,,,,,,,How can dispute related to unsatisfactory performance be avoided?,,,,,
Radio,HM,0,1,SingleQuestion,Key Management skills include,,,[Qno: PML_848] >> All options are key management skills.,,,,
,,,,,,,Communicating,,,,,
,,,,,,,Negotiating,,,,,
,,,,,,,Leading,,,,,
,,,,,,1,All of the above,,,,,
Radio,HM,0,1,SingleQuestion,A RAM is:,,,[Qno: PML_854] >> The Responsibility Assignment Matrix is used to give an overview of personnel responsibility for particular tasks.,,,,
,,,,,,,Random access memory,,,,,
,,,,,,1,Responsibility assignment matrix,,,,,
,,,,,,,Responsibilities and methods,,,,,
,,,,,,,Rapid and movement,,,,,
Radio,HM,0,1,SingleQuestion,Team development training cost is of what type of cost?,,,[Qno: PML_1078] >> Cost is incurred directly on the project. There is no other reason for which training need to be done.,,,,
,,,,,,1,Direct,,,,,
,,,,,,,IRR,,,,,
,,,,,,,Indirect,,,,,
,,,,,,,Fixed,,,,,
Radio,HM,0,1,SingleQuestion,Which of the following types of power is the most effective in leading teams?,,,[Qno: PML_1255] >> The most effective type of power for a project manager is Expert power. Your team respects you because they know that you are expert on the subject we are discussing about,,,,
,,,,,,,Referent,,,,,
,,,,,,,Reward,,,,,
,,,,,,1,Expert,,,,,
,,,,,,,Punishment,,,,,
Radio,HM,0,1,SingleQuestion,What are the 5 kinds of power?,,,[Qno: PML_1299] >> Formal power is the kind of power which you because of your organizational position.<BR> Expert power is when your opinion carries weight because people know that your expert in the subject.<BR>Reward power is when you promise a reward for doing as you ask. <BR>Referent power is when people do what you say because of your association with somebody else whom they admire or respect. <BR>Punishment power is when people do what you say because they are afraid of the consequences.,,,,
,,,,,,1,"Formal, expert, reward, referent, and punishment",,,,,
,,,,,,,"Formal, expert, reward, political, and bargaining",,,,,
,,,,,,,"Formal expert, reward, political, and punishment",,,,,
,,,,,,,"Formal, expert, reward, economic, and bargaining",,,,,
Radio,HM,0,1,SingleQuestion,In your project some of the team members thinks that team has put in extra efforts to ensure quality and timely delivery in the project. As a project manager you agreed and decided to return the favor in terms of doing some out door activity for the team and allowed comp off for working on the non-working days. These two are examples of ,,,"[Qno: PML_1462] >> Perk: giving non financial award which improve the quality of life. Fringe benefits: something like part of your salary but given occasionally or spending on behalf of employee, like medical insurance, deposit in pension fund by employer etc. Team building is an all-team activity. Entitlement award is made for some individual.",,,,
,,,,,,1,"Team Building Activities, Perk",,,,,
,,,,,,,"Fringe benefit, Perk",,,,,
,,,,,,,"Perk, Entitled award",,,,,
,,,,,,,"Perk,  Team building ",,,,,
Radio,HM,0,1,SingleQuestion,"Senior management has received progress reports on the current project you are managing. It seems that one of the technical team member has done an outstanding job of delivering certain aspects of the product in development, and management has taken notice. Project sponsor has commented to you that he would like to move this resource onto the strategic planning team because of his outstanding job in the development area. In management this is known as:",,,[Qno: PML_1478] >> http://en.wikipedia.org/wiki/Halo_effect,,,,
,,,,,,, The Achievement effect,,,,,
,,,,,,1, The Halo effect ,,,,,
,,,,,,, The Expectancy effect,,,,,
,,,,,,, The Hygiene effect,,,,,
Radio,HM,0,1,SingleQuestion,"The five types of conflict resolution are listed below,  in general project manager uses the methods to resolve conflicts. Which one is used most often by project managers to resolve conflicts",,,[Qno: PML_1949] >> ,,,,
,,,,,,,Compromise,,,,,
,,,,,,,Smoothing,,,,,
,,,,,,1,Confrontation,,,,,
,,,,,,,Withdrawal,,,,,
Radio,HM,0,1,SingleQuestion,"In your project, you are in the process of developing the human resource plan. The enterprise environmental factors that cannot influence this process is:",,,"[Qno: PML_2063] >> Lessons learned is about the best practices, what solution worked and what not. It is not about the people. Therefore while developing HR Plan lessons learned is not of any use.",,,,
,,,,,,, Personnel administration policies,,,,,
,,,,,,, Existing human resources,,,,,
,,,,,,1, Lessons learned documentation,,,,,
,,,,,,, Marketplace conditions,,,,,
Radio,HM,0,1,SingleQuestion,All of the following are part of Develop Project Team EXCEPT:,,,[Qno: PML_2274] >> PMBOK(r) Guide 4th Edition Page-217,,,,
,,,,,,,Reorganization and rewards,,,,,
,,,,,,,Team building activities,,,,,
,,,,,,1,Negotiations,,,,,
,,,,,,,Training,,,,,
Radio,HM,0,1,SingleQuestion,Performance Report is input of the:,,,[Qno: PML_2276] >> ,,,,
,,,,,,1,Manage Project Team,,,,,
,,,,,,,Acquire Project Team,,,,,
,,,,,,,Develop Project Team,,,,,
,,,,,,,Develop Human Resource Plan,,,,,
Radio,HM,0,1,SingleQuestion,Which of the following chart shows position and relationships in top-down format?,,,[Qno: PML_2277] >> ,,,,
,,,,,,,All the options below,,,,,
,,,,,,,Matrix-based charts,,,,,
,,,,,,,Text-Oriented format,,,,,
,,,,,,1,Hierarchical-type chart,,,,,
Radio,HM,0,1,SingleQuestion,Which hierarchical chart shows resources?,,,"[Qno: PML_2282] >> RBS- Resource Breakdown Structure, OBS- Organization Breakdown Structure, WBS- Work Breakdown Structure",,,,
,,,,,,,OBS,,,,,
,,,,,,,WBS,,,,,
,,,,,,,Scope statement,,,,,
,,,,,,1,RBS,,,,,
Radio,HM,0,1,SingleQuestion,The first way to solve a conflict between team members is:,,,"[Qno: PML_2289] >> First- Let them resolve it, Second- Project Manger Help them, Third- Top Management intervene",,,,
,,,,,,,Project Manager resolves it,,,,,
,,,,,,1,Let them resolve it,,,,,
,,,,,,,Top Management resolves it,,,,,
,,,,,,,Sponsor resolves it,,,,,
Radio,HM,0,1,SingleQuestion,What motivation theories should be used to motivate high tech workers,,,[Qno: PML_2714] >> ,,,,
,,,,,,,Theory X,,,,,
,,,,,,,Expectancy Theory,,,,,
,,,,,,,Maslow&rsquo;s Hierarchy,,,,,
,,,,,,1,Theory Y,,,,,
Radio,HM,0,1,SingleQuestion,Which form of power is least useful for a project manager,,,[Qno: PML_2716] >> Depending upon the situation and relationship project manager exercises five different type of power upon his team and with stakeholders but penalty power is least useful.,,,,
,,,,,,,Expert,,,,,
,,,,,,1,Penalty,,,,,
,,,,,,,Formal,,,,,
,,,,,,,Referent,,,,,
Radio,HM,0,1,SingleQuestion,The document that shows the number of staff assigned over the life of the project is called,,,[Qno: PML_2747] >> A Resource Histogram is a bar chart showing the amount of time that a resource is scheduled to work over a series of time periods.,,,,
,,,,,,,the staffing management plan,,,,,
,,,,,,,RACI matrix,,,,,
,,,,,,,the resource assignment schedule.,,,,,
,,,,,,1,a resource histogram.,,,,,
Radio,HM,0,1,SingleQuestion,Which of the following is generally not considered to be a part of the Develop Project Team process?,,,[Qno: PML_2749] >> Developing and finalizing the project staffing plan is part of Develop Human Resource Plan process,,,,
,,,,,,,Meeting with the managers of team members during the project.,,,,,
,,,,,,,Conducting regular team review meetings to discuss the progress and possible problems.,,,,,
,,,,,,,Coaching a team members on productivity improving techniques.,,,,,
,,,,,,1,Developing and finalizing the project staffing plan.,,,,,
Radio,IM,0,1,SingleQuestion,You are going to a Change Control Board meeting. What do you take with you?,,,[Qno: PML_113] >> ,,,,
,,,,,,1,Performance Information,,,,,
,,,,,,,Scope statement,,,,,
,,,,,,,Corrective actions,,,,,
,,,,,,,Performance reports,,,,,
Radio,IM,0,1,SingleQuestion,A PMP certified project manager told you that you must document the lesson learned on the project ,,,"[Qno: PML_526] >> PMBOK(r) Guide 4th Edition, page 214.",,,,
,,,,,,,At the end of the project during closing.,,,,,
,,,,,,,After the end of the project at a project post-mortem meeting.,,,,,
,,,,,,,Lessons learned can be organized when there is time available.,,,,,
,,,,,,1,During the project lifecycle and at the end.,,,,,
Radio,IM,0,1,SingleQuestion,What is the proper sequence for closing the project -----,,,[Qno: PML_1098] >> a. Hold project conclusion meeting<BR>b. Declare success or failure<BR>c. Transition the solution to support (if applicable)<BR>e. Turn over project files (if applicable)<BR>f. Conduct Performance Reviews<BR>g. Reassign the remaining project team<BR>h. Contract Closure<BR>,,,,
,,,,,,,"project closure, contract closure",,,,,
,,,,,,1,"contract closure, project closure",,,,,
,,,,,,,contract closure includes project closure,,,,,
,,,,,,,project closure includes contract closure,,,,,
Radio,IM,0,1,SingleQuestion,Which of the following BEST describes when you perform the Monitor and Control Project Work process?,,,"[Qno: PML_1308] >>  One of the most important things that you do as a project manager is to constantly monitor the project for changes, and take the appropriate action whenever you make a change. But changes don&rsquo;t happen on any sort of schedule—if they did, it would make project management a whole lot easier! That means you need to continuously monitor your project to figure out whether or not its plans and scope need to change.",,,,
,,,,,,,As soon as any deliverable is ready,,,,,
,,,,,,,At scheduled milestones or predefined intervals during the project,,,,,
,,,,,,1,Continuously throughout the project,,,,,
,,,,,,,At the end of every project phase,,,,,
Radio,IM,0,1,SingleQuestion,Which of the following is NOT an output of Monitor & Control Project Work?,,,"[Qno: PML_1309] >> Change Requests, Project Management Plan Updates, Project Docs Updates are output of Monitor & Control Project Work",,,,
,,,,,,1,Change request status updates,,,,,
,,,,,,,Change requests,,,,,
,,,,,,,Project management plan updates,,,,,
,,,,,,,Project document updates,,,,,
Radio,IM,0,1,SingleQuestion,Change request has been approved by change control board now these will be implemented in which process?,,,"[Qno: PML_1321] >> Changes are identified in Monitor and Control Project Work process; they are approved in Perform Integrated Change Control, and implemented in Direct and Manage Project Execution. ",,,,
,,,,,,,Monitor and Control Project Work,,,,,
,,,,,,,Perform Integrated Change Control,,,,,
,,,,,,1,Direct and Manage Project Execution,,,,,
,,,,,,,Develop Project Management Plan,,,,,
Radio,IM,0,1,SingleQuestion,"In one interview you asked a potential project manager that ""What is the purpose of the initiating process group?” What is the best reply?",,,[Qno: PML_1434] >> ,,,,
,,,,,,,Initiating kicks off the project,,,,,
,,,,,,1,Initiating can kick off the project or a phase of the project ,,,,,
,,,,,,,In initiating phase you write contract,,,,,
,,,,,,,Initiating identifies the project manager and produces a project charter,,,,,
Radio,IM,0,1,SingleQuestion,You joined an organization and while scanning through the organizational process assets you come to know that huge number of projects are failing in the organization. When you search for charter of these projects you come to know that no single project has the project charter available. This week you have been placed on a high value project and you told your management that first I need to work on the elements of project charter. Management feel that it is waste of time to write that useless paper. How do you convince your management.,,,[Qno: PML_1453] >> You always want to show the stakeholder the effects of their actions/inactions. C and D are wrong - the PM does not take unilateral action unless authorized to do so by the organization. Answers like A are usually wrong - this is the equivalent of “I&rsquo;m telling the teacher what you did!”,,,,
,,,,,,,Tell PMI about a fundamental breach in the PMI framework,,,,,
,,,,,,,Refuse to take on the project as you know this will most likely result in a project failure,,,,,
,,,,,,,Continue to work on the charter with the project sponsor. So that you can show the benefit of project charter on the completion of project,,,,,
,,,,,,1,Discuss the benefits of a well-defined project charter with senior management,,,,,
Radio,IM,0,1,SingleQuestion,Which process in integration management uses inputs from the largest number of  other PMBoK processes?,,,[Qno: PML_1761] >> “Develop Project Management Plan” integrates for all other processes in the planning group. Every planning process therefore  provides input to this process.,,,,
,,,,,,, Direct and Manage Project Execution.,,,,,
,,,,,,1, Develop Project Management Plan.,,,,,
,,,,,,, Monitor and Control Project Work.,,,,,
,,,,,,, Integrated Change Control.,,,,,
Radio,IM,0,1,SingleQuestion,During close-out phase historical records are stored for what purpose,,,[Qno: PML_1900] >> ,,,,
,,,,,,1,"Predict Trends, highlight problems in future projects",,,,,
,,,,,,,"Analyze successes, shortfalls of current projects",,,,,
,,,,,,,"Analyze strengths, document results of current project",,,,,
,,,,,,,"Justify results, set standards of current projects",,,,,
Radio,IM,0,1,SingleQuestion,You are working on a high requirement volatile project with multiple key stakeholders. Therefore you realize that you must give careful attention to integrated change control.  In other words it means---,,,"[Qno: PML_2743] >> Integrated change control is the process necessary for controlling factors that create changes to make sure those changes are beneficial, determining whether a change has occurred, and managing the approved changes, including when they occur.",,,,
,,,,,,,Establish an effective change control board with detailed defined procedures.,,,,,
,,,,,,,Identifying the precise nature of the stakeholder conflicts with regard to requirement change.,,,,,
,,,,,,,"Managing the primary baselines of scope, time and cost throughout project execution very closely.",,,,,
,,,,,,1,"Influencing the factors that create changes, determining if a change has occurred, and managing the actual changes that do occur.",,,,,
Radio,IM,0,1,SingleQuestion,Which of the following statements about administrative closure is false?,,,[Qno: PML_2744] >> The causes of variation and the reasoning behind the corrective action chosen are important elements of the lessons learned document. Lesson learned should be extended to any kind of learning of the organization or project team. It should not document the name of specific person responsible person for poor or great results.,,,,
,,,,,,,Administrative closure may occur at the end of a phase or at the end of a project.,,,,,
,,,,,,,"Even though the project records are complete, administrative closure is not complete until other relevant databases have been updated.",,,,,
,,,,,,,Administrative closure has a shared objective with scope verification.,,,,,
,,,,,,1,Lessons learned should be limited to causes of variance and the reasoning behind the corrective action chosen.,,,,,
Radio,IM,0,1,SingleQuestion,"Work performance information include information concerning to tasks which have been started, or completed along with the degree of conformance to established quality standards. Work performance information is",,,"[Qno: PML_2745] >> Information on work results like which deliverables have been completed and which have not with what extent quality standards are being met, what time, costs have been incurred or committed, etc. is collected as part of direct and manage project execution",,,,
,,,,,,,an output of report performance and an input to Perform Integrated Change Control.,,,,,
,,,,,,,an output of Distribute Information and an input to Report Performance,,,,,
,,,,,,1,an output of Direct and Manage Project Execution and an input to Report Performance.,,,,,
,,,,,,,an output of Direct and Manage Project Execution and an input to Perform Integrated Change Control.,,,,,
Radio,IM,0,1,SingleQuestion,Which input to Perform Integrated Change Control process provides the basis for identifying changes and recognizing the possibility of future problems?,,,[Qno: PML_2753] >> Discussing change request without work performance information does not give visibility about the related work which has been and impact of the changes on future.,,,,
,,,,,,1,Work Performance Information.,,,,,
,,,,,,,Performance measurement.,,,,,
,,,,,,,Project Management Plan.,,,,,
,,,,,,,Change requests.,,,,,
Radio,IM,0,1,SingleQuestion,Standards and regulations,,,"[Qno: PML_2754] >> Standards may suggest, and regulations impose, minimal requirements on quality.",,,,
,,,,,,,are only indirectly related to quality management.,,,,,
,,,,,,,are the basis for the quality management plan.,,,,,
,,,,,,,represent quality criteria that must be adhered to.,,,,,
,,,,,,1,represent externally imposed quality criteria.,,,,,
Radio,PM,0,1,SingleQuestion,Which of the following is not an input of the Conduct Procurement process?,,,[Qno: PML_126] >> Procurement Management Plan is part of Project Management Plan,,,,
,,,,,,,Teaming agreements,,,,,
,,,,,,,Qualified seller list,,,,,
,,,,,,1,Procurement management plan,,,,,
,,,,,,,Project management plan,,,,,
Radio,PM,0,1,SingleQuestion,Which is an appropriate order in most project situations for the development of scope-related documents?,,,[Qno: PML_507] >> ,,,,
,,,,,,,Work breakdown structure >> Scope statement >> Project charter >> CSOW (Contractual SOW) >> Contractual WBS,,,,,
,,,,,,,Feasibility study >> Contract >> Contractual WBS >> SOW descriptions >> PID (Project initiation document).,,,,,
,,,,,,1,Project SOW (Statement of work) >> Project charter >> Project scope management plan >> Project scope statement >> WBS  dictionary.,,,,,
,,,,,,,BOM (Bill of materials) >> CAP (Control account plan) >> Project charter >> Change management plan >> Scope baseline.,,,,,
Radio,PM,0,1,SingleQuestion,"In most jurisdictions, a legally required order of formal statements establishing a contract is called",,,[Qno: PML_536] >> ,,,,
,,,,,,1,"Offer, acceptance",,,,,
,,,,,,,"Inquiry, bid, order",,,,,
,,,,,,,"Invitation to treat, offer, PO",,,,,
,,,,,,,"MoU, LoI, final agreement",,,,,
Radio,PM,0,1,SingleQuestion,Your customer is asking you that we should close the contract tomorrow. What document you need to close the contract?,,,"[Qno: PML_832] >> While closing contract you need Contract documentation, Procurement audits and Formal acceptance and closure.",,,,
,,,,,,,Formal acceptance and closure,,,,,
,,,,,,,Contract documentation,,,,,
,,,,,,,Procurement audits,,,,,
,,,,,,1,All of the above,,,,,
Radio,PM,0,1,SingleQuestion,The process of identifying and defining a product or service required in project is called:,,,[Qno: PML_839] >> In procurement planning process you determine what products or services required from outside the project organization,,,,
,,,,,,,Source selection,,,,,
,,,,,,,Contract administration,,,,,
,,,,,,1,Procurement planning,,,,,
,,,,,,,Contract closeout,,,,,
Radio,PM,0,1,SingleQuestion,You write your procurement document in which process?,,,[Qno: PML_843] >> Create Procurement document is done in Plan Procurements process.,,,,
,,,,,,,Conduct Procurements,,,,,
,,,,,,,Administer Procurements,,,,,
,,,,,,1,Plan Procurements,,,,,
,,,,,,,Procurement Plan,,,,,
Radio,PM,0,1,SingleQuestion,Which Contract is most widely used in Procurement process,,,[Qno: PML_1095] >> ,,,,
,,,,,,,Fixed Price Award Fee,,,,,
,,,,,,,CPPC,,,,,
,,,,,,1,Fixed Price ,,,,,
,,,,,,,Time & Material,,,,,
Radio,PM,0,1,SingleQuestion,Which of the following BEST describes the records management system?,,,"[Qno: PML_1247] >> The records management system is used in Administer Procurement and Close Procurement Processes. It is used to store your contracts and any related documents, so that future project managers can refer to them in future projects.",,,,
,,,,,,,A library that stores the lessons learned for past projects,,,,,
,,,,,,,A filing system to store paid invoices,,,,,
,,,,,,1,A system to store contracts and project records for future project managers to reference,,,,,
,,,,,,,"A system to store human resource records, salary information and work performance history",,,,,
Radio,PM,0,1,SingleQuestion,Which of the following contracts has the MOST risk for the seller?,,,[Qno: PML_1285] >> A fixed price (FP) contract means that the buyer pays one amount regardless of how much it costs the seller to do the work. A fixed price contract only makes sense in cases where the scope is very well known.,,,,
,,,,,,1,Fixed price (FP),,,,,
,,,,,,,Cost plus fixed fee (CPFF),,,,,
,,,,,,,Time and Materials (T&M),,,,,
,,,,,,,Cost plus percentage of costs (CPPC),,,,,
Radio,PM,0,1,SingleQuestion, What is a tool and technique of Close procurements?,,,"[Qno: PML_1457] >> Procurement Audits, Negotiated Settlements, Records Mgmt Systems are tools and technique of close procurement. PMBOK(r) Guide 4th Edition, p. 343",,,,
,,,,,,, Payment systems ,,,,,
,,,,,,, Performance Reporting,,,,,
,,,,,,1, Negotiated settlements,,,,,
,,,,,,, Claims administration,,,,,
Radio,PM,0,1,SingleQuestion, An RFP is:,,,"[Qno: PML_1488] >> Request for Proposal is Output of the Plan Procurements process. PMBOK(r) Guide, p. 326",,,,
,,,,,,, A tool and technique of the Conduct Procurements process ,,,,,
,,,,,,1, An output of the Plan Procurements process,,,,,
,,,,,,, An input to Administer Procurements process,,,,,
,,,,,,, A tool and technique of the Plan Procurements process,,,,,
Radio,PM,0,1,SingleQuestion,The project manager can perform all the following functions in a procurement except:,,,"[Qno: PML_1515] >> The PM may not be the lead negotiator in procurements. PMBOK(r) Guide 4th Edition, p. 333",,,,
,,,,,,1,Should be the lead negotiator in a procurement ,,,,,
,,,,,,,Have authority to authorize changes to the procurement,,,,,
,,,,,,,Help to clarify and finalize the contract terms and conditions,,,,,
,,,,,,,Take a lead role in auditing the seller&rsquo;s work product,,,,,
Radio,PM,0,1,SingleQuestion,In contract negotiation process you ,,,[Qno: PML_1756] >> “Contract negotiation clarifies the structure and requirements of the contract so that mutual agreement can be reached prior to signing the contract.” [PMBoK 12.2.2.7],,,,
,,,,,,,Reaches to acceptable agreement with parties through  communication and compromise.,,,,,
,,,,,,,Clarify and develop a mutual agreement on the responsibilities and authorities that will govern contract administration.,,,,,
,,,,,,,Bargain with the seller with respect to resources and activities in order to come to terms that can be incorporated into the final contract.,,,,,
,,,,,,1,Clarify and develop a mutual agreement on the structure and requirements of the contract.,,,,,
Radio,PM,0,1,SingleQuestion,Cost Plus Percentage of Cost (CPPC) contracts provide:,,,[Qno: PML_1884] >> ,,,,
,,,,,,,A reimbursement of allowable costs plus a fixed fee. This is paid proportionately as the work progresses as per contract.,,,,,
,,,,,,1,A reimbursement of allowable cost of services performed plus an agreed upon percentage of the estimated cost as profit.,,,,,
,,,,,,,The supplier with a fixed price for a delivered performance plus a predetermined fee for superior performance.,,,,,
,,,,,,,None of the above.,,,,,
Radio,PM,0,1,SingleQuestion,You are determining the technical criteria to evaluate the sellers. What do you call this activity,,,[Qno: PML_2107] >> ,,,,
,,,,,,1,Source selection criteria,,,,,
,,,,,,,Goal evaluation criteria,,,,,
,,,,,,,Statement of work,,,,,
,,,,,,,Brand evaluation criteria,,,,,
Radio,PM,0,1,SingleQuestion,"The following is the data was provided by your manager and asked you to calculate the final price of the contract.<BR>Target cost is $ 140,000;<BR>Actual cost is $ 100,000<BR>Target fee is $ 20,000;<BR>Maximum fee is $ 28,000;<BR>Sharing ratio is 60:40.<BR>Please select your answer.",,,[Qno: PML_2116] >> Target Cost (TC) 140000  Any $ spent over it will be deducted from the seller&rsquo;s profit but buyer also bear the price<BR>Target Profit (TP) 20000  <BR>Target Price (TPR) 160000  <BR>Minimum Fee (MINF) 0  <BR>Maximum Fee (MAXF) 28000  <BR>Buyer/Seller Ratio 60% / 40%<BR>Actual Cost (AC) 100000  <BR>   <BR>Cost Saving =   Target Cost - Actual Cost<BR>:Cost Saving 40000  <BR>Seller&rsquo;s Share in Cost Saving 16000  <BR>Actual Fee (AF) =   Seller&rsquo;s Share in Cost Saving + Target Profit<BR>:AF 36000  <BR>Actual Fee Paid=   (If actual fee is less than min fee than min fee is paid. If actual fees is more than max fee than max is paid else actual fees is paid)<BR>Cost of Contract =   Actual Cost + Actual Feed Paid<BR>Cost of Contract 128000  <BR>Profit 32000  ,,,,
,,,,,,,"$ 100,000",,,,,
,,,,,,,"$ 108,000",,,,,
,,,,,,,"$ 105,000",,,,,
,,,,,,1,"$ 128,000",,,,,
Radio,PM,0,1,SingleQuestion,While you are performing Procurement performance review you are in which process of Project Procurement Management?,,,[Qno: PML_2606] >> ,,,,
,,,,,,,Plan Procurements,,,,,
,,,,,,,Conduct Procurements,,,,,
,,,,,,1,Administer Procurements,,,,,
,,,,,,,Close Procurements,,,,,
Radio,PM,0,1,SingleQuestion,With regards to proposals what is correct statement among followings?,,,[Qno: PML_2752] >> Proposals are seller-prepared documents that describe the ability of the seller and willingness to provide the requested product or solution. Prices are mentioned in Bid document.,,,,
,,,,,,1,Proposals are seller prepared documents that describe the seller’s ability and willingness to provide the requested product.,,,,,
,,,,,,,Proposals always contain a separate section giving the price for the proposed solution.,,,,,
,,,,,,,Proposals represent the mutual agreement on the structure and requirements of the contract prior to its actual execution.,,,,,
,,,,,,,They must represent the entire and complete offer and cannot be orally modified until contract negotiations begin.,,,,,
Radio,QM,0,1,SingleQuestion,Which of the following is not a cost of quality?,,,[Qno: PML_117] >> ,,,,
,,,,,,,Rework,,,,,
,,,,,,,Change requests,,,,,
,,,,,,,Fixing software bugs.,,,,,
,,,,,,1,Deferring change requests,,,,,
Radio,QM,0,1,SingleQuestion,In your project you are sequencing activities you will all the tools except.,,,[Qno: PML_907] >> Rolling wave planning is a technique for Define Activities. Other options are technique for Sequence Activities.,,,,
,,,,,,,Mandatory Dependencies,,,,,
,,,,,,,Arrow Diagramming Method [ADM,,,,,
,,,,,,,Precedence Diagramming Method [PDM],,,,,
,,,,,,1,Rolling Wave Planning,,,,,
Radio,QM,0,1,SingleQuestion,You are in charge of laser printer manufacturing Company. You have recently launched a new laser printer and you observed some over-heating in the hangs the printer and bad impact on printing quality also. You have decided to conduct a root cause analysis and to determine the exact reason for this and suggest action that could prevent the this type of occurrence in new batch. What did you here?,,,[Qno: PML_1077] >> ,,,,
,,,,,,,Using the quality audit technique,,,,,
,,,,,,,Using Quality control tool and technique,,,,,
,,,,,,,Using the root cause identification technique,,,,,
,,,,,,1,Using process analysis technique of QA,,,,,
Radio,QM,0,1,SingleQuestion,Root Cause Analysis is related to,,,[Qno: PML_1739] >> While doing process analysis you also do the root cause analysis to know the reason of variance in any process,,,,
,,,,,,,Quality Audits,,,,,
,,,,,,1,Process Analysis,,,,,
,,,,,,,Quality Control Measurements,,,,,
,,,,,,,Performance Measurements,,,,,
Radio,QM,0,1,SingleQuestion,  A checklist is,,,"[Qno: PML_1757] >> A checklist is a structured tool used to verify that a set of required steps has been performed. PMBOK(r) Guide, p. 201",,,,
,,,,,,,an ordered listing of quality items that must be verified before the quality control step is completed.,,,,,
,,,,,,1,a structured tool used to verify that a set of required steps has been performed.,,,,,
,,,,,,,a technical list of measured variables or counted data for decision making in a quality process review.,,,,,
,,,,,,,an inspection list that is used when no evidence exists that the quality level of the product being submitted is better or worse than the specified quality level.,,,,,
Radio,QM,0,1,SingleQuestion,What is the meaning of inspection?,,,"[Qno: PML_1760] >> An inspection is the examination of a work product to determine whether it conforms to documented standards. PMBOK(r) Guide, p. 213",,,,
,,,,,,1,activities undertaken to determine whether results conform to requirements.,,,,,
,,,,,,,a statistical sampling and examination.,,,,,
,,,,,,,recorded data concerning the results of inspection actions.,,,,,
,,,,,,,performed during the manufacturing or repair cycle to help prevent defects from occurring.,,,,,
Radio,QM,0,1,SingleQuestion,Which of the following is not true about error in project quality management?,,,"[Qno: PML_1767] >> According to the PMBOK, “The cost of preventing mistakes is always much less than the cost of correcting them…” [8.0]",,,,
,,,,,,1,Error is an unavoidable component of all project work.,,,,,
,,,,,,,Correcting error is more costly than the design and planning work that would be necessary to prevent it.,,,,,
,,,,,,,Error is a source of learning rather than a basis for disciplinary warnings or actions.,,,,,
,,,,,,,Error is a reflection of inadequate project planning.,,,,,
Radio,QM,0,1,SingleQuestion,"The ""rule of seven"" as applied to process control charts means that :",,,[Qno: PML_1870] >> ,,,,
,,,,,,,"Seven consecutive points are ascending, descending, or the same.",,,,,
,,,,,,,Work of more than 7 hours should not be planned for any resource,,,,,
,,,,,,1,"If there are seven points on one side of mean, then an cause must be analyzed.",,,,,
,,,,,,,A process is not out of control even though seven measurements fall outside the lower and upper control limits.,,,,,
Radio,QM,0,1,SingleQuestion,What does TQM stand for?,,,[Qno: PML_1877] >> ,,,,
,,,,,,,Time Quality Managed,,,,,
,,,,,,,Target Quality Management,,,,,
,,,,,,,Time Quote Management,,,,,
,,,,,,1,Total Quality Management,,,,,
Radio,QM,0,1,SingleQuestion,Which of the following is the most efficient means of product quality inspection:,,,[Qno: PML_1886] >> ,,,,
,,,,,,,100% inspection.,,,,,
,,,,,,1,Acceptance sampling.,,,,,
,,,,,,,Variable lot inspection.,,,,,
,,,,,,,Random Inspection,,,,,
Radio,QM,0,1,SingleQuestion,Design of experiments?,,,[Qno: PML_1926] >> ,,,,
,,,,,,,Identifies which variables have the least influence on a quality outcome,,,,,
,,,,,,,Determines what a quality outcome is,,,,,
,,,,,,,Is a method for research and development,,,,,
,,,,,,1,Identifies which independent variables have the most influence on quality outcome,,,,,
Radio,QM,0,1,SingleQuestion,The zero defects concept emphasize on,,,[Qno: PML_1947] >> ,,,,
,,,,,,,Having a performance standard for management,,,,,
,,,,,,,Continuous slow but steady improvement,,,,,
,,,,,,,Everyone should do things right the first time,,,,,
,,,,,,1,1 and 3,,,,,
Radio,QM,0,1,SingleQuestion,"You are managing the tools/spare parts section for an sports car manufacturing company. Your team members have discovered there are some defective tools/spare parts in the inventory. The probable cause for these could be materials used, defective measurement systems, inaccurate tolerances in the machines, or other factors. To determine what caused the defect, you will:",,,[Qno: PML_2049] >> ,,,,
,,,,,,1,Draw an fishbone diagram,,,,,
,,,,,,,Use a control chart,,,,,
,,,,,,,Tornado Diagram,,,,,
,,,,,,,Draw a Pareto chart,,,,,
Radio,QM,0,1,SingleQuestion,"In a normal distribution, standard deviation refers to:",,,[Qno: PML_2071] >> ,,,,
,,,,,,,Distance of measurement from the most likely value,,,,,
,,,,,,,Distance of measurement from the middle most value,,,,,
,,,,,,1,Distance of measurement from the mean,,,,,
,,,,,,,A tool that is used in qualitative risk analysis,,,,,
Radio,QM,0,1,SingleQuestion,"In your project, you would like to identify logical groupings of the requirements based on natural relationships. Which one of the following techniques would you use?",,,[Qno: PML_2103] >> ,,,,
,,,,,,1,Affinity diagrams,,,,,
,,,,,,,Force field analysis,,,,,
,,,,,,,Nominal group techniques,,,,,
,,,,,,,Delphi Technique,,,,,
Radio,QM,0,1,SingleQuestion,As a project manager you are responsible to ensure that the project stakeholders are,,,[Qno: PML_2499] >> As a Project Manager you should develop a Quality Policy for the project and educate all stakeholders about this.,,,,
,,,,,,1,Fully aware of the quality policy.,,,,,
,,,,,,,Involved in quality assurance activities,,,,,
,,,,,,,Involved in the quality control process.,,,,,
,,,,,,,Responsible for managing quality expectations.,,,,,
Radio,QM,0,1,SingleQuestion,"You are planning quality on your project, which is not tool and technique for this.",,,[Qno: PML_2694] >> Checklist is output of Plan Quality Process,,,,
,,,,,,,Cost benefit analysis,,,,,
,,,,,,,Flowcharting,,,,,
,,,,,,,Benchmarking,,,,,
,,,,,,1,Checklist,,,,,
Radio,QM,0,1,SingleQuestion,An input to the perform quality assurance process is,,,"[Qno: PML_2697] >> Project Management Plan, Quality Metrics, Work Perform Information, Quality Control Measurement are input for Perform quality assurance process",,,,
,,,,,,,Scope statement,,,,,
,,,,,,1,Process management plan,,,,,
,,,,,,,Standards and regulations,,,,,
,,,,,,,Checklists,,,,,
Radio,QM,0,1,SingleQuestion,Performance improvements suggestions can include all except,,,[Qno: PML_2707] >> ,,,,
,,,,,,,Improvements in team capabilities,,,,,
,,,,,,,Improvements in individual skills,,,,,
,,,,,,,Improvements in team behaviors,,,,,
,,,,,,1,Improvements in amount of overtime worked,,,,,
Radio,RM,0,1,SingleQuestion,"Terms like uniform, normal, triangular, beta and log  are part of tools & techniques of Quantitative Risk Analysis?",,,[Qno: PML_121] >> ,,,,
,,,,,,1,Probability distributions,,,,,
,,,,,,,Statistical distributions,,,,,
,,,,,,,Impact distributions,,,,,
,,,,,,,Severity distributions,,,,,
Radio,RM,0,1,SingleQuestion," As a project manager in a software project which is currently being initiated, you want to assess high level risks. You should you following? ",,,"[Qno: PML_535] >> PMBOK(r) Guide 4th Edition, pages 73 and 284.",,,,
,,,,,,,Develop contingency plans and fallback plans in case the original plan proves wrong.,,,,,
,,,,,,,Identify and analyze risk events using qualitative and quantitative techniques.,,,,,
,,,,,,1,Develop the Project charter and a Risk management plan to start identifying risks based on those and other documents.,,,,,
,,,,,,,Discuss the risks documented in your Risk register with the project key stakeholders.,,,,,
Radio,RM,0,1,SingleQuestion,Tornado diagrams are part of,,,[Qno: PML_1102] >> ,,,,
,,,,,,,Plan Risk Management,,,,,
,,,,,,,Qualitative Risk Analysis,,,,,
,,,,,,1,Quantitative Risk Analysis,,,,,
,,,,,,,Risk Response Plan,,,,,
Radio,RM,0,1,SingleQuestion,Risk can result in,,,[Qno: PML_1108] >> ,,,,
,,,,,,,Opportunities,,,,,
,,,,,,,Losses,,,,,
,,,,,,1,both 1 and 2,,,,,
,,,,,,,None of the above,,,,,
Radio,RM,0,1,SingleQuestion,In Probability and Impact Metrics which of the following statement is true?,,,[Qno: PML_1116] >> ,,,,
,,,,,,,"For opportunities, the low risk zone offers lowest risk and best benefits",,,,,
,,,,,,,"For threat, the high risk zone offers greatest benefits",,,,,
,,,,,,1,"For opportunities, the high risk zone offers greatest benefits",,,,,
,,,,,,,For threat the low risk zone should be addressed first,,,,,
Radio,RM,0,1,SingleQuestion,Which of the following statement is true about Beta & Triangular Distribution,,,[Qno: PML_1130] >> PMBOK(r) Guide 4th Edition Page 298,,,,
,,,,,,,Beta Distribution and Triangular distribution are commonly used in stakeholder analysis,,,,,
,,,,,,,Beta Distribution and Triangular distribution are probability distributions used in Quality control to analyze the defect data,,,,,
,,,,,,1,Beta Distribution and Triangular distribution are probability distributions used in Risk Analysis,,,,,
,,,,,,,Beta Distribution and Triangular distribution are used in Cost Variance Analysis,,,,,
Radio,RM,0,1,SingleQuestion,Based on your past experience you know that your subcontractor may not deliver the work on time therefore you decided to assign 2 of your team members to search alternative solution as fall back plan. Which of the following BEST describes this scenario?,,,[Qno: PML_1235] >> Risk mitigation means taking some sort of action that will minimize the damage if risk occurs. Or reduce the probability of happening the risk,,,,
,,,,,,,Transference,,,,,
,,,,,,1,Mitigation,,,,,
,,,,,,,Avoidance,,,,,
,,,,,,,Acceptance,,,,,
Radio,RM,0,1,SingleQuestion,While reviewing your risk register you found a risk that remains even after you have implemented all of your response strategies. What kind of risk is this and what should you do about it?,,,[Qno: PML_1244] >> Residual risks are those that that remain in project even after you have planned and implemented all of your risk response strategies. They don&rsquo;t need any further analysis because you have already planned the most complete response strategy.,,,,
,,,,,,1,It&rsquo;s a residual risk; you cannot do anything of those.,,,,,
,,,,,,,It&rsquo;s a residual risk; you need to plan a response strategy for it,,,,,
,,,,,,,It&rsquo;s a secondary risk; you don&rsquo;t need to worry about it,,,,,
,,,,,,,It is a secondary risk; you should plan for avoidance of this.,,,,,
Radio,RM,0,1,SingleQuestion,"Hari is a project manager for a web development project. The project has a 70% chance of making the company $200,000 over the six months. It has a 30% chance of costing the company $100,000. What&rsquo;s the project&rsquo;s EMV?",,,"[Qno: PML_1252] >> While calculating EMV, add those risk which saves money for you (opportunities) treat them as positive and multiply by the probability of happening and add those risk which cost you money treat them as negative and multiply by probability of happening. Add both together<BR>70% x 200,000 = 140,000<BR>30% x 100,000 = 30,000<BR>EMV = 140,000 - 30,000 = 110,000",,,,
,,,,,,1,"110,000",,,,,
,,,,,,,"70,000",,,,,
,,,,,,,"78,000",,,,,
,,,,,,,"230,000",,,,,
Radio,RM,0,1,SingleQuestion,You project is progressing well with all planning activities. You have sat down with the customer for a JAD session to review some alternatives for proceeding with the project. The customer wants to model some of the potential alternatives forward to see which one of these alternatives offers the best solution. This type of analysis is called,,,"[Qno: PML_1445] >> The technique that uses modeling is the Monte Carlo simulation. PMBOK(r) Guide 4th Edition, p. 438",,,,
,,,,,,, Critical Path analysis,,,,,
,,,,,,1, Monte Carlo analysis ,,,,,
,,,,,,, Multi-objective algorithm analysis,,,,,
,,,,,,, QFD analysis,,,,,
Radio,RM,0,1,SingleQuestion,An unprecedented problem has surfaced in your project and the response plan for this problem is NOT mentioned in your risk register. How would you address this kind of issues,,,"[Qno: PML_1466] >> A workaround is defined as a response to a negative risk that was not part of original risk planning. PMBOK(r) Guide 4th Edition, p. 453. It is usually a solution developed ""on-the-fly"" until a permanent solution can be derived",,,,
,,,,,,,Secondary risk response,,,,,
,,,,,,,Cannot do anything of these kind of unplanned risks,,,,,
,,,,,,1,A workaround risk response ,,,,,
,,,,,,,A contingency risk response,,,,,
Radio,RM,0,1,SingleQuestion, What is the expected monetary value (EMV)?,,,"[Qno: PML_1480] >>  The expected monetary value (EMV) is statistical technique to calculate the future outcome of a risk. It outlines the potential cost of a negative risk or the potential benefit of a positive risk. PMBOK(r) Guide 4th Edition, p. 434",,,,
,,,,,,,What the project ROI will be ,,,,,
,,,,,,1,"The potential cost/benefit of a risk, positive or negative",,,,,
,,,,,,,The amount of the risk contingency budget,,,,,
,,,,,,,The cost baseline minus the risk contingency,,,,,
Radio,RM,0,1,SingleQuestion,SWOT means,,,"[Qno: PML_1514] >>  The SWOT acronym means: strengths, weaknesses, opportunities, threats. PMBOK(r) Guide, p. 288",,,,
,,,,,,,"Strengths, Warnings, Observations, Threats",,,,,
,,,,,,1,"Strengths, Weaknesses, Opportunities, Threats",,,,,
,,,,,,,"Stealth, Warrant, Optimize, Transcend ",,,,,
,,,,,,,"Strengths, Waste, Omissions, Terminations",,,,,
Radio,RM,0,1,SingleQuestion,Which one of the given options is Corrective action,,,[Qno: PML_1724] >> ,,,,
,,,,,,,You are fixing past anomalies,,,,,
,,,,,,,The responsibility of the change control board (CCB),,,,,
,,,,,,,An output of project plan execution. ,,,,,
,,,,,,1,Anything done to bring the project&rsquo;s future performance in line with the project management plan. ,,,,,
Radio,RM,0,1,SingleQuestion,You are trying to reduce the impact of a risk event by reducing the possibility of its occurrence. This is called,,,[Qno: PML_1905] >> ,,,,
,,,,,,,Risk acceptance,,,,,
,,,,,,,Risk mitigation,,,,,
,,,,,,1,Risk avoidance,,,,,
,,,,,,,Contingency planning,,,,,
Radio,RM,0,1,SingleQuestion,"Ravi is working as project manager in Air Conditioner (AC) manufacturing company. AC parts required in this  manufacturing process supplied by a vendor did not reach in time because of rail accident on the way. Ravi had anticipated this risk of delay and planned for it in his risk response plan. So, as per his risk response plan, he started using unutilized parts which were bought a year ago. However, this has exposed his project to a new risk - the AC parts which were not used for one year may have higher level of defects. This new risk can also be called:",,,[Qno: PML_2047] >> ,,,,
,,,,,,1, Secondary risks,,,,,
,,,,,,, Unidentifiable risks,,,,,
,,,,,,, Unmanageable risks,,,,,
,,,,,,, Residual risks,,,,,
Radio,RM,0,1,SingleQuestion,"You are working on an big IT project and have identified few complex components for which you know that there are better companies in market to deliver it in much efficient way at lesser cost. So you decide to outsource these complex components to 10 sub-contracting IT companies at  Fixed Price contract. In this context, all the following statements relating to transferring of risk to a contractor are true EXCEPT:",,,[Qno: PML_2058] >> Option1: Not necessarily true. Otherwise why people would like to take insurance if more than the value at risk has to be paid out.<BR>Option2/Option3: As per PMBoK Fixed price contracts are always in favor of buyer and Cost plus contracts are in favor of seller<BR>Optione4: Contracts are designed with intention of transferring the risk to some party. Thus transfers the liability also.,,,,
,,,,,,1,Risk transference always involves payment of a premium more than the risk amount.,,,,,
,,,,,,,Fixed price contract always transfers the risk to the seller.,,,,,
,,,,,,,Cost-plus contracts are not in favor of buyer,,,,,
,,,,,,,Contracts are used for the transference of liability for specified risks to another party.,,,,,
Radio,RM,0,1,SingleQuestion,"You are working on a construction project, in your risk identification process you identified that 20 percent of all risk events identified are associated with the risk category of logistics. Knowing this information will allow you to:",,,[Qno: PML_2491] >> ,,,,
,,,,,,1,Develop a comprehensive logistic plan,,,,,
,,,,,,,Develop a comprehensive human resource plan,,,,,
,,,,,,,Keep good buffer on logistic activities,,,,,
,,,,,,,Knowing that all logistic activities are on critical path,,,,,
Radio,RM,0,1,SingleQuestion,Ravi is PMP and he informs you that Risk Management is very important for your project and you should do risk identification while …… your project,,,"[Qno: PML_2497] >> Risk identification is done as part of the Planning Process Group. Ref: PMBOK(r) Guide 4th Edition Page 43, table 3-1",,,,
,,,,,,1,Planning,,,,,
,,,,,,,Initiating,,,,,
,,,,,,,Executing,,,,,
,,,,,,,Closing,,,,,
Radio,RM,0,1,SingleQuestion,"Of the following, which is not an example of risk?",,,[Qno: PML_2506] >> All are risk except (4th) option. A project manager should monitor and control project activities throughout project lifecycle.,,,,
,,,,,,,Internet is going down while project work transfer to customer&rsquo;s data centre,,,,,
,,,,,,,Losing customer due to poor quality,,,,,
,,,,,,,Removing a resource from project while execution phase,,,,,
,,,,,,1,Monitoring and Controlling project activities,,,,,
Radio,RM,0,1,SingleQuestion,"In Project Risk Management, four processes have only one output item. Out of these four, two processes has the single  and same output item. Which are the two processes?",,,[Qno: PML_2591] >> ,,,,
,,,,,,,"Plan Risk Management, Plan Risk Responses.",,,,,
,,,,,,1,"Perform Qualitative Risk Analysis, Perform Quantitative Risk Analysis.",,,,,
,,,,,,,"Identify Risks, Monitor Risks.",,,,,
,,,,,,,"Plan Risk Responses, Monitor and Control Risks.",,,,,
Radio,RM,0,1,SingleQuestion,Which of these are not tool & technique of Identify Risk,,,"[Qno: PML_2594] >> T&T of identify risk:<BR>Documentation Reviews, Information Gathering Techniques<BR>Checklist Analysis, Assumptions Analysis, Diagramming Techniques, SWOT Analysis, Expert judgement",,,,
,,,,,,,Documentation Review,,,,,
,,,,,,,Checklist Analysis,,,,,
,,,,,,,Assumption Analysis,,,,,
,,,,,,1,Risk Urgency Assessment,,,,,
Radio,RM,0,1,SingleQuestion,"Which process has Risk reassessment, Risk audits, Variance and trend analysis, Technical performance measurement, Reserve analysis, and Status meetings as Tools & Techniques?",,,[Qno: PML_2596] >> ,,,,
,,,,,,,Identify Risks,,,,,
,,,,,,,Plan Risk Responses,,,,,
,,,,,,,Perform Quantitative Risk Analysis,,,,,
,,,,,,1,Monitor and Control Risks,,,,,
Radio,SM,0,1,SingleQuestion,You are managing an IT project and one of the stakeholder asks you that why you consider the scope statement so important in your project management methodology. You answer to this question is-----,,,[Qno: PML_119] >> ,,,,
,,,,,,1,The project scope serves as a reference for all future project decisions.,,,,,
,,,,,,,Project managers must document any changes before approving or declining them.,,,,,
,,,,,,,It is mandatory to consult the plan before authorizing any change.,,,,,
,,,,,,,The project plan and EVM work together to assess the risk involved with proposed changes.,,,,,
Radio,SM,0,1,SingleQuestion,What is the major output of the Define Scope process?,,,[Qno: PML_128] >> ,,,,
,,,,,,,Scope baseline,,,,,
,,,,,,1,Project scope statement,,,,,
,,,,,,,Accepted deliverables,,,,,
,,,,,,,Project scope document,,,,,
Radio,SM,0,1,SingleQuestion,"Your customer expects you to implement a minor scope change without delay and without additional cost. You believe that you have adequate authorization to make the decision by yourself, but you are not quite sure about this. What should be your next steps",,,"[Qno: PML_533] >> PMBOK(r) Guide 4th Edition, page 93.",,,,
,,,,,,1,"Handle the request according to the integrated change control processes described in your management plans. Then make a decision together with the appropriate change control body, whether the increased customer satisfaction will be worth the extra costs, work, risks etc.",,,,,
,,,,,,,Customer satisfaction is your top priority. Customer gives you opportunity for this. This is the opportunity to exceed the expectations. So ahead and make up the cost from contingency buffer. After all this is for these kind of situations.,,,,,
,,,,,,,Look into the opportunity and try to exploit it for further profit maximization,,,,,
,,,,,,,"This is good opportunity to develop relations so go ahead and start working on this, after all this is minor scope change.",,,,,
Radio,SM,0,1,SingleQuestion,A WBS dictionary has,,,"[Qno: PML_539] >> PMBOK(r) Guide 4th Edition, page 453.",,,,
,,,,,,1,Details of each WBS component,,,,,
,,,,,,,Technical details of the scope,,,,,
,,,,,,,Functional details of the scope,,,,,
,,,,,,,List of deliverables & their dictionary meaning,,,,,
Radio,SM,0,1,SingleQuestion,Where should you write the product acceptance criteria?,,,"[Qno: PML_555] >> PMBOK(r) Guide 4th Edition, page 115.",,,,
,,,,,,,Work breakdown structure,,,,,
,,,,,,,Resource assignments,,,,,
,,,,,,1,Project scope statement,,,,,
,,,,,,,Project scope management plan,,,,,
Radio,SM,0,1,SingleQuestion,Create WBS is part which Knowledge Area?,,,[Qno: PML_1089] >> ,,,,
,,,,,,,Project Time Management,,,,,
,,,,,,,Project Integration Management,,,,,
,,,,,,,Project Cost Management,,,,,
,,,,,,1,Project Scope Management,,,,,
Radio,SM,0,1,SingleQuestion,Which of the following statement is NOT true?,,,"[Qno: PML_1127] >> WBS, WBS Dictionary, Scope baseline & Project document updates are output of Create WBS process",,,,
,,,,,,,Work breakdown structure(updates) is an output of Scope control,,,,,
,,,,,,1,WBS Dictionary is an output of Define Scope ,,,,,
,,,,,,,Requested changes is an output of Scope Verification,,,,,
,,,,,,,Work Performance information is an input to Scope control,,,,,
Radio,SM,0,1,SingleQuestion,"Amit is the manager of a software project. His client has agreed on a Project Scope Statement at the beginning of the project, but whenever the client verifies deliverables, he comes up with features that he would like to add into the product. Amit is working with the client to find what requirements were missed in the planning stages of the project and how to plan better in the future. This is an example of ",,,[Qno: PML_1295] >> The project&rsquo;s scope is changing every time the client is asked to verify the product—that&rsquo;s scope creep.,,,,
,,,,,,,Gold plating on scope,,,,,
,,,,,,1,Scope creep,,,,,
,,,,,,,Alternatives analysis,,,,,
,,,,,,,Identifying variance,,,,,
Radio,SM,0,1,SingleQuestion,Which of the following options is not used for assessing the completion of the project scope.,,,[Qno: PML_1754] >> The product requirements are the basis for assessing the completion of the PRODUCT scope. Remaining all are used to verify the project scope.,,,,
,,,,,,, The project management plan.,,,,,
,,,,,,1, The product requirements.,,,,,
,,,,,,, The project scope statement.,,,,,
,,,,,,, The WBS and WBS dictionary.,,,,,
Radio,SM,0,1,SingleQuestion,All of the following are true concerning the product description except,,,[Qno: PML_1772] >> The product description is generally broader that a statement of work. [12.1.1.2],,,,
,,,,,,,It describes the ultimate end product of the project.,,,,,
,,,,,,,It provides important information about any technical issues that are relevant to procurement planning.,,,,,
,,,,,,1,It is another term for the Statement of Work (SOW).,,,,,
,,,,,,,It is usually part of the Request for Proposal.,,,,,
Radio,SM,0,1,SingleQuestion,"Project success depends on a no. of interrelated factors, including time, cost and scope control. The success of any project depends primarily on:",,,[Qno: PML_1785] >> ,,,,
,,,,,,1,Customer satisfaction.,,,,,
,,,,,,,Customer acceptance of the product.,,,,,
,,,,,,,Customer experience in providing detail scope,,,,,
,,,,,,,Exceeding customer expectations through gold plating.,,,,,
Radio,SM,0,1,SingleQuestion,Your company exhibited a home security model in national trade fare and real estate magazines to obtain the feedback from the market. After that company implemented a chain of valuable feedback into final product and decided to go mass production of the system. Which one is true?,,,[Qno: PML_2105] >> ,,,,
,,,,,,,This is example of observation technique,,,,,
,,,,,,1,This is example of prototype,,,,,
,,,,,,,This is example of questionnaire,,,,,
,,,,,,,This is example of Delphi technique,,,,,
Radio,SM,0,1,SingleQuestion,Which one the following is true for Breakdown Structure?,,,[Qno: PML_2281] >> ,,,,
,,,,,,,Control charts,,,,,
,,,,,,1,Hierarchical chart,,,,,
,,,,,,,Pie chart,,,,,
,,,,,,,Run chart,,,,,
Radio,SRE,0,1,SingleQuestion,The Project Management Institute&rsquo;s Code of Professional Conduct deals with responsibilities to:,,,[Qno: PML_129] >> ,,,,
,,,,,,,The profession and to the customer and the management.,,,,,
,,,,,,1,"Professional advancement, practice, and professional conduct.",,,,,
,,,,,,,"Comply with all organizational rules and policies of the profession, the customer and the public.",,,,,
,,,,,,,"The customer and the public with regard to qualifications, experience and the performance or professional services.",,,,,
Radio,SRE,0,1,SingleQuestion,"You are a project manager in an organization with a strong PMO. One of the newly hired project managers told you that he has been a PMP(r) since 2003. While perusing the PMI website looking for some standards documentation, you happen to do a lookup on this person and find out that they are not in the PMI repository of PMP(r)s in good standing. What do you do?",,,"[Qno: PML_1476] >> Report the case to PMI. The PMP(r) credential is issued by PMI, you agree to their professional code of conducts. It is your responsibility.",,,,
,,,,,,,Report the case to HR,,,,,
,,,,,,1,Report the case to PMI,,,,,
,,,,,,,Report this case to his senior manager,,,,,
,,,,,,,Report the case to the PMO,,,,,
Radio,SRE,0,1,SingleQuestion, You are doing business in India and about to start working on a new government project. Knowing that ethics and local culture has been very sensitive issue within your company when a government agency approaches you that it is customary and basic ethics that you should return the favor. Since we have helped you getting this highly lucrative business here you need to be courteous enough. Unfortunately as per your parent company&rsquo;s country&rsquo;s culture this is called bribe. What do you do in this situation.,,,"[Qno: PML_1497] >>  This is a matter of complying with the policies, laws and regulations in the country where you are doing business; what is illegal in your country may be considered legal and ethical in another country",,,,
,,,,,,1,Report the issue to your manger and comply with official guidelines,,,,,
,,,,,,, Look for ways to help the contract facilitator and go out of the way,,,,,
,,,,,,, This is a bribe by your country&rsquo;s standards - under no circumstances will you comply with the official&rsquo;s request ,,,,,
,,,,,,, Report the issue to Indian Intelligence Agency,,,,,
Radio,SRE,0,1,SingleQuestion,"You are a project manager with ABC Ltd and you are assigned to a project that has already decided to be outsourced. As a project manager, you need to organize a formal bid process and select the vendor for this project. You own share in one of the vendor companies who also participated in the bidding process. What is the BEST course of action for you?",,,[Qno: PML_2293] >> ,,,,
,,,,,,1,Tell your manager and remove yourself from the vendor selection committee.,,,,,
,,,,,,,Get the vendor company selected for the project.,,,,,
,,,,,,,Keep the information to yourself.,,,,,
,,,,,,,Ask other members of the selection committee to select your vendor company,,,,,
Radio,TM,0,1,SingleQuestion,"You are planning to sequence activities on your project, which one of these is not required?",,,[Qno: PML_122] >> ,,,,
,,,,,,,Milestone list.,,,,,
,,,,,,,Activity attributes.,,,,,
,,,,,,,Organizational process assets.,,,,,
,,,,,,1,Scope baseline.,,,,,
Radio,TM,0,1,SingleQuestion,Network templates which contain only portions of a network are often referred to as,,,[Qno: PML_514] >> ,,,,
,,,,,,,Subprojects,,,,,
,,,,,,,Project Schedule,,,,,
,,,,,,1,Subnetworks,,,,,
,,,,,,,WBS items,,,,,
Radio,TM,0,1,SingleQuestion,What is typical for Critical chain project management?,,,"[Qno: PML_546] >> PMBOK(r) Guide 4th Edition, page 155.",,,,
,,,,,,,Management of total floats and free floats,,,,,
,,,,,,1,Management of buffers,,,,,
,,,,,,,Management of leads and lags,,,,,
,,,,,,,Management of resource over-allocations,,,,,
Radio,TM,0,1,SingleQuestion,Dummy relationships or dummy activities concept is related to ,,,[Qno: PML_905] >> ,,,,
,,,,,,,Precedence Diagramming Method [PDM],,,,,
,,,,,,1,Activity on Arrow (AOA),,,,,
,,,,,,,Fragment Network,,,,,
,,,,,,,Activity on Node (AON),,,,,
Radio,TM,0,1,SingleQuestion,Which is a technique for Define Activities?,,,[Qno: PML_908] >> Rolling wave planning is a technique for Define Activities. Other tool & techniques are for Sequence Activities.,,,,
,,,,,,,Mandatory Dependencies,,,,,
,,,,,,,Arrow Diagramming Method [ADM,,,,,
,,,,,,1,Rolling Wave Planning,,,,,
,,,,,,,Precedence Diagramming Method [PDM],,,,,
Radio,TM,0,1,SingleQuestion,The amount of time a task can be delayed without delaying the project completion date is called,,,[Qno: PML_1094] >> ,,,,
,,,,,,,Free Slack,,,,,
,,,,,,,Project Slack,,,,,
,,,,,,1,Total Slack,,,,,
,,,,,,,Project Lag,,,,,
Radio,TM,0,1,SingleQuestion,Critical Path is the,,,"[Qno: PML_1122] >> Critical path on your schedule network diagram is the longest path with shortest duration, with zero or negative float.",,,,
,,,,,,1,"Longest path, shortest duration",,,,,
,,,,,,,"Shortest path, longest duration",,,,,
,,,,,,,Path where the deliverables are more critical than other paths,,,,,
,,,,,,,Path with maximum float,,,,,
Radio,TM,0,1,SingleQuestion,What does RDU stand for?,,,[Qno: PML_1873] >> ,,,,
,,,,,,1,Remaining Duration,,,,,
,,,,,,,Really Dumb User,,,,,
,,,,,,,Ready for Download Use,,,,,
,,,,,,,Remaining Duration unassisted,,,,,
Radio,TM,0,1,SingleQuestion,The smallest unit of time used in scheduling the project is known as:,,,[Qno: PML_1881] >> ,,,,
,,,,,,,Scope unit,,,,,
,,,,,,,Time Measurement,,,,,
,,,,,,1,Calendar Unit,,,,,
,,,,,,,All of the Above,,,,,
Radio,TM,0,1,SingleQuestion,Gantt charts are used for ,,,[Qno: PML_1924] >> ,,,,
,,,,,,,Showing tasks relationships,,,,,
,,,,,,,Tracking actual vs. planned,,,,,
,,,,,,,"Communication with customer, management and project teams",,,,,
,,,,,,1,2 and 3,,,,,
Radio,TM,0,1,SingleQuestion,What is the purpose of work package?,,,[Qno: PML_1939] >> ,,,,
,,,,,,,Limit work to be performed to relatively short periods of time.,,,,,
,,,,,,,Represent units of work at a level where work is performed.,,,,,
,,,,,,,Distinguish one package from all others assigned to a single functional group.,,,,,
,,,,,,1,All of the above.,,,,,
Radio,TM,0,1,SingleQuestion,What should be the duration of milestone,,,[Qno: PML_2076] >> ,,,,
,,,,,,,Duration equal to the phase duration,,,,,
,,,,,,,Duration equal to the time required for a particular task to be completed,,,,,
,,,,,,1,Zero,,,,,
,,,,,,,Duration of the complete project till the milestone date,,,,,
Radio,TM,0,1,SingleQuestion,A finish-to-finish relationship means,,,[Qno: PML_2740] >> ,,,,
,,,,,,1, the successor task cannot finish until the predecessor task has finished.,,,,,
,,,,,,,the successor task and the predecessor task must finish at the same time.,,,,,
,,,,,,,the successor task should not finish earlier than the predecessor task but no logical relationship is implied.,,,,,
,,,,,,,the predecessor task cannot finish until the successor task has finished.,,,,,
Radio,TM,0,1,SingleQuestion,Which of the following activity is not part of communication requirements definition?,,,[Qno: PML_2741] >> Determining if the necessary communication technology is available in the project environment or not is part of the communications technology assessment.,,,,
,,,,,,,Assessing the type and format of information required.,,,,,
,,,,,,,Assessing the stakeholder responsibility relationships,,,,,
,,,,,,,Performing a benefit/cost analysis on the value of each element of information.,,,,,
,,,,,,1,Determining if the necessary communication technology is available in the project environment.,,,,,
Radio,TM,0,1,SingleQuestion,A resource calendar,,,"[Qno: PML_2742] >> Project calendars, Task Calendars, Resource calendars are three calendar related to any project. Resource calendar can override to project calendar with regard to resource availability and task calendar can override resource calendar with regard to the date and time task should happen.",,,,
,,,,,,1,contains information regarding vacation and training time.,,,,,
,,,,,,,is a component of the project calendar.,,,,,
,,,,,,,related with the work times applicable for all machine and human resources.,,,,,
,,,,,,,is not appropriate for use with resource pools.,,,,,
Radio,TM,0,1,SingleQuestion,The objective of the Define Activities process is to,,,[Qno: PML_2748] >> ,,,,
,,,,,,1,identify the specific activities that must be performed to produce the various deliverables and sub-deliverables.,,,,,
,,,,,,,identify the specific activities that must be performed in order to achieve the various project objectives.,,,,,
,,,,,,,identify the specific activities that should be included in the Work Breakdown Structure.,,,,,
,,,,,,,identify the specific activities that need to be defined such that the project objectives will be achieved.,,,,,
